{
    "src/sstrings.c": [
        1752552245.406188,
        [
            "-Wall",
            "-g"
        ],
        "ok"
    ],
    "src/tests/new_sstring.c": [
        1752549554.1542082,
        [
            "-Wall",
            "-g"
        ],
        "ok"
    ],
    "src/tests/trim_left.c": [
        1751595573.4643846,
        [
            "-Wall",
            "-g"
        ],
        "ok"
    ],
    "src/tests/trim_right.c": [
        1751595659.6339633,
        [
            "-Wall",
            "-g"
        ],
        "ok"
    ],
    "src/tests/trim.c": [
        1751595567.6852787,
        [
            "-Wall",
            "-g"
        ],
        "ok"
    ],
    "src/tests/sstring_to_cstring.c": [
        1752291721.6089864,
        [
            "-Wall",
            "-g"
        ],
        "ok"
    ],
    "src/tests/concat.c": [
        1752297117.876757,
        [
            "-Wall",
            "-g"
        ],
        "ok"
    ],
    "src/tests/slice.c": [
        1752378318.270213,
        [
            "-Wall",
            "-g"
        ],
        "ok"
    ],
    "src/tests/split.c": [
        1752547991.2024605,
        [
            "-Wall",
            "-g"
        ],
        "ok"
    ],
    "src/tests/join.c": [
        1752549710.3406072,
        [
            "-Wall",
            "-g"
        ],
        "ok"
    ],
    "src/tests/count.c": [
        1752552344.3843114,
        [
            "-Wall",
            "-g"
        ],
        "ok"
    ]
}