{
    "src/sstrings.c": [
        1752290995.6778955,
        [
            "-Wall"
        ],
        "ok"
    ],
    "src/tests/new_sstring.c": [
        1751593111.3549933,
        [
            "-Wall"
        ],
        "ok"
    ],
    "src/tests/trim_left.c": [
        1751595573.4643846,
        [
            "-Wall"
        ],
        "ok"
    ],
    "src/tests/trim_right.c": [
        1751595659.6339633,
        [
            "-Wall"
        ],
        "ok"
    ],
    "src/tests/trim.c": [
        1751595567.6852787,
        [
            "-Wall"
        ],
        "ok"
    ],
    "src/tests/sstring_to_cstring.c": [
        1752291094.808888,
        [
            "-Wall"
        ],
        "ok"
    ],
    "src/tests/concat.c": [
        1752290902.7179532,
        [
            "-Wall"
        ],
        "ok"
    ]
}