{
    "src/sstrings.c": [
        1752637600.902307,
        [
            "-Wall",
            "-g"
        ],
        "ok"
    ],
    "src/tests/new_sstring.c": [
        1752549554.1542082,
        [
            "-Wall",
            "-g"
        ],
        "ok"
    ],
    "src/tests/trim_left.c": [
        1751595573.4643846,
        [
            "-Wall",
            "-g"
        ],
        "ok"
    ],
    "src/tests/trim_right.c": [
        1751595659.6339633,
        [
            "-Wall",
            "-g"
        ],
        "ok"
    ],
    "src/tests/trim.c": [
        1751595567.6852787,
        [
            "-Wall",
            "-g"
        ],
        "ok"
    ],
    "src/tests/sstring_to_cstring.c": [
        1752291721.6089864,
        [
            "-Wall",
            "-g"
        ],
        "ok"
    ],
    "src/tests/concat.c": [
        1752297117.876757,
        [
            "-Wall",
            "-g"
        ],
        "ok"
    ],
    "src/tests/slice.c": [
        1752635891.703025,
        [
            "-Wall",
            "-g"
        ],
        "ok"
    ],
    "src/tests/split.c": [
        1752549214.9050026,
        [
            "-Wall",
            "-g"
        ],
        "ok"
    ],
    "src/tests/join.c": [
        1752549722.4817939,
        [
            "-Wall",
            "-g"
        ],
        "ok"
    ],
    "src/tests/count.c": [
        1752553108.1848974,
        [
            "-Wall",
            "-g"
        ],
        "ok"
    ],
    "src/tests/index.c": [
        1752636412.656265,
        [
            "-Wall",
            "-g"
        ],
        "ok"
    ],
    "src/tests/replace.c": [
        1752635901.9572072,
        [
            "-Wall",
            "-g"
        ],
        "ok"
    ],
    "src/tests/lpad.c": [
        1752637519.280862,
        [
            "-Wall",
            "-g"
        ],
        "ok"
    ],
    "src/tests/rpad.c": [
        1752637674.1316032,
        [
            "-Wall",
            "-g"
        ],
        "ok"
    ]
}